/*
MySQL Backup
Source Server Version: 5.1.33
Source Database: qly_sv
Date: 11-Aug-16 10:17:28
*/

SET FOREIGN_KEY_CHECKS=0;

-- ----------------------------
--  Table structure for `info_by_school`
-- ----------------------------
DROP TABLE IF EXISTS `info_by_school`;
CREATE TABLE `info_by_school` (
  `id` int(11) NOT NULL AUTO_INCREMENT,
  `gpa` double DEFAULT NULL,
  `diploma` varchar(255) DEFAULT NULL,
  `grade` varchar(255) DEFAULT NULL,
  `graduation_year` datetime DEFAULT NULL,
  `major` varchar(255) DEFAULT NULL,
  `student_class` varchar(255) DEFAULT NULL,
  `student_code` int(11) DEFAULT NULL,
  PRIMARY KEY (`id`)
) ENGINE=MyISAM DEFAULT CHARSET=latin1;

-- ----------------------------
--  Table structure for `internship`
-- ----------------------------
DROP TABLE IF EXISTS `internship`;
CREATE TABLE `internship` (
  `id` int(11) NOT NULL AUTO_INCREMENT,
  `company` varchar(255) DEFAULT NULL,
  `end_date` datetime DEFAULT NULL,
  `start_date` datetime DEFAULT NULL,
  `supervisor` varchar(255) DEFAULT NULL,
  PRIMARY KEY (`id`)
) ENGINE=MyISAM DEFAULT CHARSET=latin1;

-- ----------------------------
--  Table structure for `job_skill`
-- ----------------------------
DROP TABLE IF EXISTS `job_skill`;
CREATE TABLE `job_skill` (
  `id` int(11) NOT NULL AUTO_INCREMENT,
  `company` varchar(255) DEFAULT NULL,
  `skill` varchar(255) DEFAULT NULL,
  `student_id` int(11) DEFAULT NULL,
  `update_time` datetime DEFAULT NULL,
  PRIMARY KEY (`id`)
) ENGINE=MyISAM DEFAULT CHARSET=latin1;

-- ----------------------------
--  Table structure for `partner`
-- ----------------------------
DROP TABLE IF EXISTS `partner`;
CREATE TABLE `partner` (
  `id` int(11) NOT NULL AUTO_INCREMENT,
  PRIMARY KEY (`id`)
) ENGINE=MyISAM DEFAULT CHARSET=latin1;

-- ----------------------------
--  Table structure for `partner_info`
-- ----------------------------
DROP TABLE IF EXISTS `partner_info`;
CREATE TABLE `partner_info` (
  `id` int(11) NOT NULL AUTO_INCREMENT,
  `address` varchar(255) DEFAULT NULL,
  `director` varchar(255) DEFAULT NULL,
  `email` varchar(255) DEFAULT NULL,
  `fax` varchar(255) DEFAULT NULL,
  `field_work` varchar(255) DEFAULT NULL,
  `partner_name` varchar(255) DEFAULT NULL,
  `phone` varchar(255) DEFAULT NULL,
  `tax_code` varchar(255) DEFAULT NULL,
  `website` varchar(255) DEFAULT NULL,
  PRIMARY KEY (`id`)
) ENGINE=MyISAM DEFAULT CHARSET=latin1;

-- ----------------------------
--  Table structure for `student`
-- ----------------------------
DROP TABLE IF EXISTS `student`;
CREATE TABLE `student` (
  `id` int(11) NOT NULL AUTO_INCREMENT,
  `student_name` varchar(255) CHARACTER SET utf8 DEFAULT NULL,
  `info_by_school_id` int(11) DEFAULT NULL,
  `internship_id` int(11) DEFAULT NULL,
  `student_info_id` int(11) DEFAULT NULL,
  PRIMARY KEY (`id`),
  KEY `FK_7ouh85p4t9w0ahwqtdtqrsunm` (`info_by_school_id`),
  KEY `FK_kv6v6q8gi7bepmkgte28i6kw6` (`internship_id`),
  KEY `FK_n01vd0b6ym77yi6y16iherj23` (`student_info_id`)
) ENGINE=MyISAM AUTO_INCREMENT=295 DEFAULT CHARSET=latin1;

-- ----------------------------
--  Table structure for `student_info`
-- ----------------------------
DROP TABLE IF EXISTS `student_info`;
CREATE TABLE `student_info` (
  `id` int(11) NOT NULL AUTO_INCREMENT,
  `address` varchar(255) DEFAULT NULL,
  `birthday` varchar(255) DEFAULT NULL,
  `desire` varchar(255) DEFAULT NULL,
  `email` varchar(255) DEFAULT NULL,
  `phone_number` varchar(255) DEFAULT NULL,
  `skype` varchar(255) DEFAULT NULL,
  PRIMARY KEY (`id`)
) ENGINE=MyISAM AUTO_INCREMENT=295 DEFAULT CHARSET=latin1;

-- ----------------------------
--  Table structure for `user`
-- ----------------------------
DROP TABLE IF EXISTS `user`;
CREATE TABLE `user` (
  `id` int(11) NOT NULL AUTO_INCREMENT,
  `expiry_time` datetime DEFAULT NULL,
  `password` varchar(255) DEFAULT NULL,
  `role` varchar(255) DEFAULT NULL,
  `token` varchar(255) DEFAULT NULL,
  `user_name` varchar(255) CHARACTER SET utf8 DEFAULT NULL,
  `student_id` int(11) DEFAULT NULL,
  PRIMARY KEY (`id`),
  KEY `FK_i1pkkkteed13wt581o8vanlx8` (`student_id`)
) ENGINE=MyISAM AUTO_INCREMENT=295 DEFAULT CHARSET=latin1;

-- ----------------------------
--  Records 
-- ----------------------------
INSERT INTO `student` VALUES ('1','Vũ Thanh Bình',NULL,NULL,'1'), ('2','Mai Thành Đạt',NULL,NULL,'2'), ('3','Nguyễn Tân Cương',NULL,NULL,'3'), ('4','Vũ Công Thành',NULL,NULL,'4'), ('5','Nguyễn Văn Thắng',NULL,NULL,'5'), ('6','Mai Văn Đại',NULL,NULL,'6'), ('7','Nguyễn Tiến Đại',NULL,NULL,'7'), ('8','Lê Thị Tuyết',NULL,NULL,'8'), ('9','Nguyễn Mạnh Cường',NULL,NULL,'9'), ('10','Nguyễn Ngọc Duy',NULL,NULL,'10'), ('11','Nguyễn Hoàng Linh',NULL,NULL,'11'), ('12','Phạm Xuân Trường',NULL,NULL,'12'), ('13','Lê Văn Tuấn',NULL,NULL,'13'), ('14','Nguyễn Văn Tuệ',NULL,NULL,'14'), ('15','Nguyễn Văn Tuynh',NULL,NULL,'15'), ('16','Bùi Sơn Tùng',NULL,NULL,'16'), ('17','Vũ Công Thành',NULL,NULL,'17'), ('18','Nguyễn Thị Ngọc Anh',NULL,NULL,'18'), ('19','Nông Thành Công',NULL,NULL,'19'), ('20','Phan Đoàn Cương',NULL,NULL,'20'), ('21','Nguyễn Xuân Hoàng',NULL,NULL,'21'), ('22','Vũ Quý Đức',NULL,NULL,'22'), ('23','Đinh Việt Cường',NULL,NULL,'23'), ('24','Bùi Minh Thái',NULL,NULL,'24'), ('25','Trần Thị Hồng Thủy',NULL,NULL,'25'), ('26','Trần Văn Tú',NULL,NULL,'26'), ('27','Trịnh Đức Đại',NULL,NULL,'27'), ('28','Doãn Thị Hiền',NULL,NULL,'28'), ('29','Lục Văn Minh',NULL,NULL,'29'), ('30','Nguyễn Thị Lương',NULL,NULL,'30'), ('31','Nguyễn Thị Trang',NULL,NULL,'31'), ('32','Ma Văn Tụ',NULL,NULL,'32'), ('33','Nguyễn Thị Khuyên',NULL,NULL,'33'), ('34','Nguyễn Anh Bảo Quốc',NULL,NULL,'34'), ('35','Nguyễn Như Vương',NULL,NULL,'35'), ('36','Nguyễn Mạnh Hùng',NULL,NULL,'36'), ('37','Đào Thị Thanh Huyền',NULL,NULL,'37'), ('38','Trần Quang Thái',NULL,NULL,'38'), ('39','Mai Minh Toàn',NULL,NULL,'39'), ('40','Nguyễn Thị Trang',NULL,NULL,'40'), ('41','Nguyễn Thành Trung',NULL,NULL,'41'), ('42','Nguyễn Trọng Lượng',NULL,NULL,'42'), ('43','Ngô Tùng Sơn',NULL,NULL,'43'), ('44','Vu Minh Chinh',NULL,NULL,'44'), ('45','Nguyễn Vĩnh Khoa',NULL,NULL,'45'), ('46','Hoàng Trung Kiên',NULL,NULL,'46'), ('47','Nguyễn Phúc Lợi',NULL,NULL,'47'), ('48','Nguyễn Tuấn Anh',NULL,NULL,'48'), ('49','Mai Văn Chính',NULL,NULL,'49'), ('50','Vũ Văn Đặng',NULL,NULL,'50'), ('51','Mai Duy Khánh',NULL,NULL,'51'), ('52','Lê Thế Thao',NULL,NULL,'52'), ('53','Ngô Văn Thành',NULL,NULL,'53'), ('54','Lê Hồng Quang',NULL,NULL,'54'), ('55','Lương Văn Chinh',NULL,NULL,'55'), ('56','Nguyễn Viết Cương',NULL,NULL,'56'), ('57','Dương Thị Huế',NULL,NULL,'57'), ('58','Nguyễn Mạnh Hùng',NULL,NULL,'58'), ('59','Vũ Văn Long',NULL,NULL,'59'), ('60','Phan Thị Yến',NULL,NULL,'60'), ('61','Đặng Thị Khôi',NULL,NULL,'61'), ('62','Lô Thanh Tùng',NULL,NULL,'62'), ('63','Cao Vũ Việt Anh',NULL,NULL,'63'), ('64','Phạm Viết Nam',NULL,NULL,'64'), ('65','Nguyễn Đức Nam',NULL,NULL,'65'), ('66','Nguyễn Lâm Duy',NULL,NULL,'66'), ('67','Hoàng Gia Minh',NULL,NULL,'67'), ('68','Trần Lê Minh Nhật',NULL,NULL,'68'), ('69','Nguyễn Xuân Đức',NULL,NULL,'69'), ('70','Vũ Thị Hồng Diễm',NULL,NULL,'70'), ('71','Mai Kim Tài',NULL,NULL,'71'), ('72','Phạm Thành Trung',NULL,NULL,'72'), ('73','Đỗ Việt Vương',NULL,NULL,'73'), ('74','Nguyễn Việt Hưng',NULL,NULL,'74'), ('75','Nguyễn Minh Giang',NULL,NULL,'75'), ('76','Trần Tuấn Linh',NULL,NULL,'76'), ('77','Đỗ Anh Tú',NULL,NULL,'77'), ('78','Kiều Hải Đăng',NULL,NULL,'78'), ('79','Nguyễn Quốc Hưng',NULL,NULL,'79'), ('80','Nguyễn Công Thành',NULL,NULL,'80'), ('81','Nguyễn Hữu Thức',NULL,NULL,'81'), ('82','Trần Vương Minh',NULL,NULL,'82'), ('83','Phan Đình Huy',NULL,NULL,'83'), ('84','Đặng Quang Trung',NULL,NULL,'84'), ('85','Dương Trí Vinh',NULL,NULL,'85'), ('86','Hoàng Trọng Hiếu',NULL,NULL,'86'), ('87','Trần Mạnh Tiến',NULL,NULL,'87'), ('88','Trần Võ Phương Nam',NULL,NULL,'88'), ('89','Nguyễn Văn Diên',NULL,NULL,'89'), ('90','Đỗ Hồng Giang',NULL,NULL,'90'), ('91','Phạm Vũ Việt Khoa',NULL,NULL,'91'), ('92','Lã Nguyễn Công Anh',NULL,NULL,'92'), ('93','Đỗ Gia Đạt',NULL,NULL,'93'), ('94','Nguyễn Khắc Hiếu',NULL,NULL,'94'), ('95','Nguyễn Văn Quang',NULL,NULL,'95'), ('96','Nguyễn Thị Quỳnh Trang',NULL,NULL,'96'), ('97','Trịnh Vân Trang',NULL,NULL,'97'), ('98','Nguyễn Viết Thịnh',NULL,NULL,'98'), ('99','Phạm Thị Hà',NULL,NULL,'99'), ('100','Trịnh Thị Hiền',NULL,NULL,'100');
INSERT INTO `student` VALUES ('101','Nguyễn Hà Phan',NULL,NULL,'101'), ('102','Kiều Văn Thái',NULL,NULL,'102'), ('103','Nguyễn Hữu Tiến',NULL,NULL,'103'), ('104','Nguyễn Đức Trung',NULL,NULL,'104'), ('105','Hoàng Đình Tấn',NULL,NULL,'105'), ('106','Vũ Mạnh Tiến',NULL,NULL,'106'), ('107','Lương Thị Trang',NULL,NULL,'107'), ('108','Nguyễn Sĩ Trung',NULL,NULL,'108'), ('109','Đặng Văn Đô',NULL,NULL,'109'), ('110','Đặng Thành Long',NULL,NULL,'110'), ('111','Nguyễn Tiến Minh',NULL,NULL,'111'), ('112','Lê Thanh Ngọc',NULL,NULL,'112'), ('113','Trần Minh Quý',NULL,NULL,'113'), ('114','Nguyễn Văn Thành',NULL,NULL,'114'), ('115','Đàm Duy Tiến',NULL,NULL,'115'), ('116','Nguyễn Văn Vũ',NULL,NULL,'116'), ('117','Trần Hoàng Tùng',NULL,NULL,'117'), ('118','Nguyễn Mạnh Duy',NULL,NULL,'118'), ('119','Thẩm Kim Dũng',NULL,NULL,'119'), ('120','Trần Văn Định',NULL,NULL,'120'), ('121','Bùi Thị Phấn',NULL,NULL,'121'), ('122','Vũ Thái Hòa',NULL,NULL,'122'), ('123','Đỗ Thành Nam',NULL,NULL,'123'), ('124','Lê Văn Quang',NULL,NULL,'124'), ('125','Bùi Thị Quỳnh',NULL,NULL,'125'), ('126','Nguyễn Văn Thịnh',NULL,NULL,'126'), ('127','Phan Thị Thanh Hải',NULL,NULL,'127'), ('128','Trần Thị Hông Thủy',NULL,NULL,'128'), ('129','Nguyễn Việt Khánh Hoàng',NULL,NULL,'129'), ('130','Mai Văn An',NULL,NULL,'130'), ('131','Trần Đình Long',NULL,NULL,'131'), ('132','Bùi Hoàng Minh',NULL,NULL,'132'), ('133','LýQuý Nhân',NULL,NULL,'133'), ('134','Nguyễn Hải Hoàng',NULL,NULL,'134'), ('135','Cấn Duy Cát',NULL,NULL,'135'), ('136','Nguyễn Minh Trang',NULL,NULL,'136'), ('137','Nguyễn Thế Quân',NULL,NULL,'137'), ('138','Trác Quang Thịnh',NULL,NULL,'138'), ('139','Đinh Tú',NULL,NULL,'139'), ('140','Lê Xuân Cường',NULL,NULL,'140'), ('141','Lê Văn Hùng',NULL,NULL,'141'), ('142','Vũ Trung Kiên',NULL,NULL,'142'), ('143','Lưu Trường Sinh',NULL,NULL,'143'), ('144','Trần Tuấn Nghĩa',NULL,NULL,'144'), ('145','Phạm Văn Đức',NULL,NULL,'145'), ('146','Thái Đình Phúc',NULL,NULL,'146'), ('147','Nguyễn Ngọc Tú',NULL,NULL,'147'), ('148','Lê Ngọc Phương',NULL,NULL,'148'), ('149','Bế Văn Khánh',NULL,NULL,'149'), ('150','Vũ Minh Vương',NULL,NULL,'150'), ('151','Vũ Bình An',NULL,NULL,'151'), ('152','Đặng Thái Sơn',NULL,NULL,'152'), ('153','Nguyễn Đức Thịnh',NULL,NULL,'153'), ('154','Đinh Xuân Hưng',NULL,NULL,'154'), ('155','Ngụy Khắc Quân',NULL,NULL,'155'), ('156','Trần Vũ Duy',NULL,NULL,'156'), ('157','Nguyễn Vũ Hoàng Vương',NULL,NULL,'157'), ('158','Nguyễn Đức Cảnh',NULL,NULL,'158'), ('159','Phùng Khắc Khánh',NULL,NULL,'159'), ('160','Nguyễn Thị Ly',NULL,NULL,'160'), ('161','Lê Duy Minh',NULL,NULL,'161'), ('162','Đoàn Văn Thiện',NULL,NULL,'162'), ('163','Lưu Xuân Trường',NULL,NULL,'163'), ('164','Đỗ Đắc Văn',NULL,NULL,'164'), ('165','Phạm Văn Tuấn',NULL,NULL,'165'), ('166','Đặng Trần Bình',NULL,NULL,'166'), ('167','Phạm Thế Hùng',NULL,NULL,'167'), ('168','Đặng Thanh Linh',NULL,NULL,'168'), ('169','Nguyễn Tiến Nam',NULL,NULL,'169'), ('170','Hoàng Văn Nhã',NULL,NULL,'170'), ('171','Hoàng Giang',NULL,NULL,'171'), ('172','Phan Minh Tú',NULL,NULL,'172'), ('173','Nguyễn Duy Khánh',NULL,NULL,'173'), ('174','Nguyễn Như Phúc',NULL,NULL,'174'), ('175','Đào Tuấn Anh',NULL,NULL,'175'), ('176','Ngô Đức Dũng',NULL,NULL,'176'), ('177','Bùi Đình Hải',NULL,NULL,'177'), ('178','Nguyễn Huy Hùng',NULL,NULL,'178'), ('179','Bùi Quốc Khánh',NULL,NULL,'179'), ('180','Vũ Tự Kiên',NULL,NULL,'180'), ('181','Nguyễn Thị Tuyết Nhung',NULL,NULL,'181'), ('182','Trương Thị Hồng Nhung',NULL,NULL,'182'), ('183','Nguyễn Ngọc Sơn',NULL,NULL,'183'), ('184','Vũ Ngọc Tân',NULL,NULL,'184'), ('185','Đặng Minh Thế',NULL,NULL,'185'), ('186','Đinh Thị Thương Thương',NULL,NULL,'186'), ('187','Kiều Trọng Vĩnh',NULL,NULL,'187'), ('188','Thái Khắc Điệp',NULL,NULL,'188'), ('189','Nguyễn Đức Hoàng',NULL,NULL,'189'), ('190','Nguyễn Trọng Minh Dũng',NULL,NULL,'190'), ('191','Vũ Ngọc Đức',NULL,NULL,'191'), ('192','Trần Đồng Hưng',NULL,NULL,'192'), ('193','Lê Quyền Linh',NULL,NULL,'193'), ('194','Nguyễn Ngọc Quang',NULL,NULL,'194'), ('195','Trương Ngọc Quang',NULL,NULL,'195'), ('196','Nguyễn Văn Quận',NULL,NULL,'196'), ('197','Thái Thế Tài',NULL,NULL,'197'), ('198','Nguyễn Duy Cường',NULL,NULL,'198'), ('199','Nguyễn Việt Dũng',NULL,NULL,'199'), ('200','Nguyễn Duy Hiếu',NULL,NULL,'200');
INSERT INTO `student` VALUES ('201','Nguyễn Trung Hoàn',NULL,NULL,'201'), ('202','Bùi Đăng Hoàng',NULL,NULL,'202'), ('203','Nông Đức Huy',NULL,NULL,'203'), ('204','Nguyễn Thành Nhân',NULL,NULL,'204'), ('205','Trương Văn Luân',NULL,NULL,'205'), ('206','Ngô Doãn Lương',NULL,NULL,'206'), ('207','Nguyễn Đức Anh',NULL,NULL,'207'), ('208','Phan Anh',NULL,NULL,'208'), ('209','Nguyễn Mạnh Cường',NULL,NULL,'209'), ('210','Phạm Đức Lưu',NULL,NULL,'210'), ('211','Trần Bá Quân',NULL,NULL,'211'), ('212','Phạm Tuấn Linh',NULL,NULL,'212'), ('213','Bùi Minh Phong',NULL,NULL,'213'), ('214','Phan Văn Tịnh',NULL,NULL,'214'), ('215','Trịnh Công Vượng',NULL,NULL,'215'), ('216','Nguyễn Hoàng Long',NULL,NULL,'216'), ('217','Bùi Văn Hoàng',NULL,NULL,'217'), ('218','Đinh Viết Thường',NULL,NULL,'218'), ('219','Đặng Hải Triều',NULL,NULL,'219'), ('220','Cao Minh Sơn',NULL,NULL,'220'), ('221','Lê Đức Thắng',NULL,NULL,'221'), ('222','Trịnh Thị Thu',NULL,NULL,'222'), ('223','Nguyễn Trường Sơn',NULL,NULL,'223'), ('224','Đặng Lê Hoàng',NULL,NULL,'224'), ('225','Vũ Thanh Long',NULL,NULL,'225'), ('226','Đinh Đức Trọng',NULL,NULL,'226'), ('227','Nguyễn Thị Cẩm Vân',NULL,NULL,'227'), ('228','Hoàng Tiến Đạt',NULL,NULL,'228'), ('229','Đặng Thanh Hùng',NULL,NULL,'229'), ('230','Nguyễn Tiến Giáp',NULL,NULL,'230'), ('231','Nguyễn Hữu Trường',NULL,NULL,'231'), ('232','Phạm Văn Chính',NULL,NULL,'232'), ('233','Trần Trung Hà',NULL,NULL,'233'), ('234','Cao Minh Lâm',NULL,NULL,'234'), ('235','Phạm Quốc Tiến',NULL,NULL,'235'), ('236','Tô Ngọc LInh',NULL,NULL,'236'), ('237','Cao Văn Hiện',NULL,NULL,'237'), ('238','Nguyễn Hữu Thạch',NULL,NULL,'238'), ('239','Nguyễn Huy Thắng',NULL,NULL,'239'), ('240','Hà Đức Văn',NULL,NULL,'240'), ('241','Hà Mạnh Duy',NULL,NULL,'241'), ('242','Vũ Mạnh Cường',NULL,NULL,'242'), ('243','Lê Trường Giang',NULL,NULL,'243'), ('244','Lê Công Hậu',NULL,NULL,'244'), ('245','Lê Anh Sơn',NULL,NULL,'245'), ('246','Nguyễn Hồng Sơn',NULL,NULL,'246'), ('247','Lưu Quang Đông',NULL,NULL,'247'), ('248','Lê Hải Nam',NULL,NULL,'248'), ('249','Cao Xuân Hưng',NULL,NULL,'249'), ('250','Phùng Văn Thắng',NULL,NULL,'250'), ('251','Trần Văn Hoàn',NULL,NULL,'251'), ('252','Trần Đức Hợp',NULL,NULL,'252'), ('253','Nguyễn Thị Huyền',NULL,NULL,'253'), ('254','Nguyễn Thị Thu',NULL,NULL,'254'), ('255','Chu Thị Thúy Hiền',NULL,NULL,'255'), ('256','Lê Đức Anh',NULL,NULL,'256'), ('257','Hoàng Thanh Tâm',NULL,NULL,'257'), ('258','Trương Hữu Thao',NULL,NULL,'258'), ('259','Nguyễn Hữu Tú',NULL,NULL,'259'), ('260','Vũ Thanh Tùng',NULL,NULL,'260'), ('261','Trần Hoàng Anh',NULL,NULL,'261'), ('262','Lưu Thị Thơm',NULL,NULL,'262'), ('263','Nguyễn Minh Vương',NULL,NULL,'263'), ('264','Nguyễn Hoàng Nam',NULL,NULL,'264'), ('265','Trần Trung Hiếu',NULL,NULL,'265'), ('266','Nguyễn Việt Bắc',NULL,NULL,'266'), ('267','Trần Xuân Hoàng',NULL,NULL,'267'), ('268','Nguyễn Mạnh Hùng',NULL,NULL,'268'), ('269','Chu Thành Hưng',NULL,NULL,'269'), ('270','Nguyễn Đình Dục',NULL,NULL,'270'), ('271','Đoàn Việt Hưng',NULL,NULL,'271'), ('272','Nguyễn Kim Hưng',NULL,NULL,'272'), ('273','Phạm Mạnh Cường',NULL,NULL,'273'), ('274','Nguyễn Việt Dương',NULL,NULL,'274'), ('275','Phạm Thị Đào',NULL,NULL,'275'), ('276','Nguyễn Thị Giang',NULL,NULL,'276'), ('277','Vũ Văn Hậu',NULL,NULL,'277'), ('278','Chu Văn Hợp',NULL,NULL,'278'), ('279','Nguyễn Thế Tùng',NULL,NULL,'279'), ('280','Phạm Minh Đức',NULL,NULL,'280'), ('281','Hạ Hồng Việt',NULL,NULL,'281'), ('282','Cao Hữu Đạt',NULL,NULL,'282'), ('283','Nguyễn Trung Hiếu',NULL,NULL,'283'), ('284','Nguyễn Thị Yến',NULL,NULL,'284'), ('285','Nguyễn Văn Hiếu',NULL,NULL,'285'), ('286','Đỗ Ngọc Hùng',NULL,NULL,'286'), ('287','Nguyễn Văn Khoa',NULL,NULL,'287'), ('288','Nguyễn Thị Thu',NULL,NULL,'288'), ('289','Trần Quang Cương',NULL,NULL,'289'), ('290','Kiều Minh Đức',NULL,NULL,'290'), ('291','Ngô Thị Phượng',NULL,NULL,'291'), ('292','Phan Anh Tuấn',NULL,NULL,'292'), ('293','Phạm Văn Khôi',NULL,NULL,'293'), ('294','Lò Văn Kiên',NULL,NULL,'294');
INSERT INTO `student_info` VALUES ('1',NULL,'01-10-93',NULL,'binhvt_56@vnu.edu.vn','1655667686',NULL), ('2',NULL,'23-03-93',NULL,'datmt_56@vnu.edu.vn','1683753923',NULL), ('3',NULL,'05-29-94',NULL,'cuongnt_57@vnu.edu.vn','1659633496',NULL), ('4',NULL,'#N/A',NULL,'thanhvc_57@vnu.edu.vn','968525931',NULL), ('5',NULL,'10-05-94',NULL,'thangnv_570@vnu.edu.vn','1668346772',NULL), ('6',NULL,'10-13-95',NULL,'daimv_58@vnu.edu.vn','1635690365',NULL), ('7',NULL,'01-30-95',NULL,'daint_58@vnu.edu.vn','987923257',NULL), ('8',NULL,'13-10-95',NULL,'tuyetlt_58@vnu.edu.vn','968934920',NULL), ('9',NULL,'10-17-95',NULL,'cuongnm_580@vnu.edu.vn','977561995',NULL), ('10',NULL,'12-20-95',NULL,'duynn_58@vnu.edu.vn','1632782798',NULL), ('11',NULL,'11-19-95',NULL,'linhnh_58@vnu.edu.vn','986465950',NULL), ('12',NULL,'30-08-95',NULL,'truongpx_58@vnu.edu.vn','1632032175',NULL), ('13',NULL,'14-10-95',NULL,'tuanlv_58@vnu.edu.vn','982141095',NULL), ('14',NULL,'03-18-95',NULL,'tuenv_58@vnu.edu.vn','1684317352',NULL), ('15',NULL,'06-30-95',NULL,'tuynhnv_58@vnu.edu.vn','1697994171',NULL), ('16',NULL,'09-04-95',NULL,'tungbs_58@vnu.edu.vn','965153676',NULL), ('17',NULL,'31-03-94',NULL,'thanhvc_57@vnu.edu.vn','968525931',NULL), ('18',NULL,'10-18-95',NULL,'anhntn_58@vnu.edu.vn','1683112689',NULL), ('19',NULL,'04-25-95',NULL,'congnt_58@vnu.edu.vn','977005995',NULL), ('20',NULL,'26-12-95',NULL,'cuongpd_58@vnu.edu.vn','989906612',NULL), ('21',NULL,'05-01-95',NULL,'hoangnx_58@vnu.edu.vn','1657076505',NULL), ('22',NULL,'08-18-95',NULL,'ducvq_58@vnu.edu.vn','1683454617',NULL), ('23',NULL,'23-09-95',NULL,'cuongdv_58@vnu.edu.vn','904929923',NULL), ('24',NULL,'08-04-95',NULL,'thaibm_58@vnu.edu.vn','0949 889 328',NULL), ('25',NULL,'07-27-94',NULL,'thuytth_58@vnu.edu.vn','968939462',NULL), ('26',NULL,'11-05-95',NULL,'tutv_58@vnu.edu.vn','1673428920',NULL), ('27',NULL,'02-26-95',NULL,'daitd_58@vnu.edu.vn','1665368396',NULL), ('28',NULL,'04-10-95',NULL,'hiendt_58@vnu.edu.vn','977574225',NULL), ('29',NULL,'01-01-95',NULL,'minhlv_58@vnu.edu.vn','969407641',NULL), ('30',NULL,'10-31-95',NULL,'luongnt_580@vnu.edu.vn','1672183084',NULL), ('31',NULL,'03-17-95',NULL,'trangnt_58@vnu.edu.vn','977367559',NULL), ('32',NULL,'07-11-95',NULL,'tumv_58@vnu.edu.vn','1679423600',NULL), ('33',NULL,'10-16-95',NULL,'khuyennt_58@vnu.edu.vn','1684182566',NULL), ('34',NULL,'10-21-95',NULL,'quocnab_58@vnu.edu.vn','979391558',NULL), ('35',NULL,'08-12-93',NULL,'vuongnn_58@vnu.edu.vn','972114187',NULL), ('36',NULL,'20-08-95',NULL,'hungnm_580@vnu.edu.vn','1689399949',NULL), ('37',NULL,'12-01-95',NULL,'huyendtt_58@vnu.edu.vn','978566639',NULL), ('38',NULL,'01-07-95',NULL,'thaitq_58@vnu.edu.vn','985995146',NULL), ('39',NULL,'02-28-95',NULL,'toanmm_58@vnu.edu.vn','1639373689',NULL), ('40',NULL,'05-24-95',NULL,'trangnt_580@vnu.edu.vn','1666541449',NULL), ('41',NULL,'12-19-95',NULL,'trungnt_58@vnu.edu.vn','969157065',NULL), ('42',NULL,'06-01-95',NULL,'luongnt_58@vnu.edu.vn','1632533382',NULL), ('43',NULL,'06-02-94',NULL,'sonnt_58@vnu.edu.vn','1686110490',NULL), ('44',NULL,'08-05-95',NULL,'chinhvm_58@vnu.edu.vn','1679764962',NULL), ('45',NULL,'11-20-95',NULL,'khoanv_580@vnu.edu.vn','1689867135',NULL), ('46',NULL,'03-12-95',NULL,'kienht_58@vnu.edu.vn','1646144389',NULL), ('47',NULL,'03-19-95',NULL,'loinp_58@vnu.edu.vn','1665239639',NULL), ('48',NULL,'04-16-95',NULL,'anhnt_58@vnu.edu.vn','1688468998',NULL), ('49',NULL,'08-20-95',NULL,'chinhmv_58@vnu.edu.vn',NULL,NULL), ('50',NULL,'28-05-95',NULL,'dangvv_58@vnu.edu.vn','914185983',NULL), ('51',NULL,'11-12-95',NULL,'khanhmd_58@vnu.edu.vn','1633720001',NULL), ('52',NULL,'11-07-95',NULL,'thaolt_58@vnu.edu.vn','1638425462',NULL), ('53',NULL,'01-03-95',NULL,'thanhnv_58@vnu.edu.vn','919818533',NULL), ('54',NULL,'08-15-95',NULL,'quanglh_58@vnu.edu.vn','1693212276',NULL), ('55',NULL,'08-04-95',NULL,'chinhlv_58@vnu.edu.vn','1665431893',NULL), ('56',NULL,'07-14-95',NULL,'cuongnv_58@vnu.edu.vn','988549694',NULL), ('57',NULL,'04-08-94',NULL,'huedt_58@vnu.edu.vn','967993788',NULL), ('58',NULL,'10-08-95',NULL,'hungnm_58@vnu.edu.vn','962989658',NULL), ('59',NULL,'01-12-94',NULL,'longvv_58@vnu.edu.vn','984348926',NULL), ('60',NULL,'########',NULL,'yenpt_58@vnu.edu.vn','1674814603',NULL), ('61',NULL,'07-18-94',NULL,'khoidt_58@vnu.edu.vn','1688885708',NULL), ('62',NULL,'09-27-94',NULL,'tunglt_580@vnu.edu.vn','1696742818',NULL), ('63',NULL,'23-10-95',NULL,'anhcvv_58@vnu.edu.vn','3946034150',NULL), ('64',NULL,'07-10-84',NULL,'nampv_58@vnu.edu.vn','902235500',NULL), ('65',NULL,'09-25-95',NULL,'namnd_58@vnu.edu.vn','1682536485',NULL), ('66',NULL,'09-26-95',NULL,'duynl_58@vnu.edu.vn','985310995',NULL), ('67',NULL,'12-20-95',NULL,'minhhg_58@vnu.edu.vn','1684010200',NULL), ('68',NULL,'12-02-95',NULL,'nhattlm_58@vnu.edu.vn','1272637226',NULL), ('69',NULL,'03-10-95',NULL,'ducnx_58@vnu.edu.vn','1248258573',NULL), ('70',NULL,'10-04-95',NULL,'diemvth_58@vnu.edu.vn','968928577',NULL), ('71',NULL,'01-23-95',NULL,'taimk_58@vnu.edu.vn','974207750',NULL), ('72',NULL,'01-18-95',NULL,'trungpt_58@vnu.edu.vn','1678982865',NULL), ('73',NULL,'07-25-95',NULL,'vuongdv_58@vnu.edu.vn','1662392221',NULL), ('74',NULL,'07-17-95',NULL,'hungnv_58@vnu.edu.vn','1693946324',NULL), ('75',NULL,'02-20-95',NULL,'giangnm_58@vnu.edu.vn','8491778870',NULL), ('76',NULL,'12-03-95',NULL,'linhtt_58@vnu.edu.vn','1269992548',NULL), ('77',NULL,'16-06-95',NULL,'tuda_58@vnu.edu.vn','989750166',NULL), ('78',NULL,'09-10-95',NULL,'dangkh_58@vnu.edu.vn','936436977',NULL), ('79',NULL,'04-10-95',NULL,'hungnq_58@vnu.edu.vn','1678392696',NULL), ('80',NULL,'10-24-95',NULL,'thanhnc_58@vnu.edu.vn','982075819',NULL), ('81',NULL,'02-19-94',NULL,'thucnh_58@vnu.edu.vn','1678825099',NULL), ('82',NULL,'08-01-95',NULL,'minhtv_58@vnu.edu.vn','1692126698',NULL), ('83',NULL,'07-24-95',NULL,'huypd_58@vnu.edu.vn','1687956939',NULL), ('84',NULL,'09-11-95',NULL,'trungdq_58@vnu.edu.vn','936696730',NULL), ('85',NULL,'18-04-93',NULL,'vinhdt_56@vnu.edu.vn','1667018141',NULL), ('86',NULL,'12-07-94',NULL,'hieuht_58@vnu.edu.vn','969777504',NULL), ('87',NULL,'12-12-95',NULL,'tientm_58@vnu.edu.vn','1686395484',NULL), ('88',NULL,'10-09-95',NULL,'namtvp_58@vnu.edu.vn','963579887',NULL), ('89',NULL,'21-12-93',NULL,'diennv_56@vnu.edu.vn','962505976',NULL), ('90',NULL,'31-03-93',NULL,'giangdh_56@vnu.edu.vn','988471172',NULL), ('91',NULL,'########',NULL,'khoapvv_57@vnu.edu.vn','949249322',NULL), ('92',NULL,'09-12-95',NULL,'anhlnc_58@vnu.edu.vn','1665422988',NULL), ('93',NULL,'12-09-95',NULL,'datdg_58@vnu.edu.vn','1662047396',NULL), ('94',NULL,'01-28-95',NULL,'hieunk_58@vnu.edu.vn','1685618967',NULL), ('95',NULL,'09-02-95',NULL,'quangnv_58@vnu.edu.vn','979365354',NULL), ('96',NULL,'03-10-95',NULL,'trangntq_58@vnu.edu.vn','982379274',NULL), ('97',NULL,'09-21-95',NULL,'trangtv_58@vnu.edu.vn','1647552925',NULL), ('98',NULL,'01-22-94',NULL,'thinhnv_580@vnu.edu.vn','1626878789',NULL), ('99',NULL,'01-01-95',NULL,'hapt_58@vnu.edu.vn','969558527',NULL), ('100',NULL,'09-05-95',NULL,'hientt_58@vnu.edu.vn','1665736041',NULL);
INSERT INTO `student_info` VALUES ('101',NULL,'11-08-95',NULL,'phannh_58@vnu.edu.vn','1632203543',NULL), ('102',NULL,'02-01-95',NULL,'thaikv_58@vnu.edu.vn','978500571',NULL), ('103',NULL,'05-12-95',NULL,'tiennh_58@vnu.edu.vn','965578583',NULL), ('104',NULL,'08-08-95',NULL,'trungnd_58@vnu.edu.vn','974555629',NULL), ('105',NULL,'06-07-95',NULL,'tanhd_58@vnu.edu.vn','963320988',NULL), ('106',NULL,'11-28-94',NULL,'tienvm_58@vnu.edu.vn','1659116869',NULL), ('107',NULL,'10-15-95',NULL,'tranglt_58@vnu.edu.vn','1632793424',NULL), ('108',NULL,'########',NULL,'trungns_58@vnu.edu.vn','888123095',NULL), ('109',NULL,'02-21-95',NULL,'dodv_58@vnu.edu.vn','1682452784',NULL), ('110',NULL,'10-03-95',NULL,'longdt_58@vnu.edu.vn','1689964546',NULL), ('111',NULL,'10-18-95',NULL,'minhnt_58@vnu.edu.vn','986291177',NULL), ('112',NULL,'10-20-95',NULL,'ngoclt_58@vnu.edu.vn','1653333663',NULL), ('113',NULL,'########',NULL,'quytm_58@vnu.edu.vn','1693227489',NULL), ('114',NULL,'02-15-95',NULL,'thanhnv_580@vnu.edu.vn','963682736',NULL), ('115',NULL,'09-28-95',NULL,'tiendd_58@vnu.edu.vn','978996038',NULL), ('116',NULL,'11-06-95',NULL,'vunv_58@vnu.edu.vn','986488157',NULL), ('117',NULL,'19-05-94',NULL,'tungth_57@vnu.edu.vn','962619609',NULL), ('118',NULL,'12-02-95',NULL,'duynm_58@vnu.edu.vn','986303495',NULL), ('119',NULL,'#N/A',NULL,'dungtk_58@vnu.edu.vn','1648636383',NULL), ('120',NULL,'06-02-95',NULL,'dinhtv_58@vnu.edu.vn','967071620',NULL), ('121',NULL,'09-09-95',NULL,'phanbt_58@vnu.edu.vn','978471643',NULL), ('122',NULL,'08-05-93',NULL,'hoavt_58@vnu.edu.vn','1646792093',NULL), ('123',NULL,'02-24-95',NULL,'namdt_58@vnu.edu.vn','1266261102',NULL), ('124',NULL,'06-04-94',NULL,'quanglv_58@vnu.edu.vn','1687230698',NULL), ('125',NULL,'26-06-95',NULL,'quynhbt_58@vnu.edu.vn','1652138211',NULL), ('126',NULL,'09-05-95',NULL,'thinhnv_58@vnu.edu.vn','963888458',NULL), ('127',NULL,'08-15-94',NULL,'haiptt_58@vnu.edu.vn','1658283547',NULL), ('128',NULL,'27-07-94',NULL,'thuytth_58@vnu.edu.vn','968939462',NULL), ('129',NULL,'09-29-93',NULL,'hoangnvk_56@vnu.edu.vn','1277212256',NULL), ('130',NULL,'11-14-95',NULL,'anmv_58@vnu.edu.vn','982405200',NULL), ('131',NULL,'12-10-91',NULL,'longtd_58@vnu.edu.vn','983226894',NULL), ('132',NULL,'07-12-95',NULL,'minhbh_58@vnu.edu.vn','965092995',NULL), ('133',NULL,'23-07-93',NULL,'nhanlq_57@vnu.edu.vn','1654219981',NULL), ('134',NULL,'26-06-95',NULL,'hoangnh_58@vnu.edu.vn','987032181',NULL), ('135',NULL,'09-14-95',NULL,'catcd_58@vnu.edu.vn','969422782',NULL), ('136',NULL,'09-21-95',NULL,'trangnm_58@vnu.edu.vn','1647049039',NULL), ('137',NULL,'08-20-95',NULL,'quannt_58@vnu.edu.vn','1682440465',NULL), ('138',NULL,'01-08-95',NULL,'thinhtq_58@vnu.edu.vn','948184469',NULL), ('139',NULL,'11-20-95',NULL,'tud_58@vnu.edu.vn','979722080',NULL), ('140',NULL,'04-21-95',NULL,'cuonglx_58@vnu.edu.vn','969578900',NULL), ('141',NULL,'06-17-95',NULL,'hunglv_58@vnu.edu.vn','969349131',NULL), ('142',NULL,'09-05-95',NULL,'kienvt_580@vnu.edu.vn','1262483662',NULL), ('143',NULL,'06-16-95',NULL,'sinhlt_58@vnu.edu.vn','1626877544',NULL), ('144',NULL,'08-15-95',NULL,'nghiatt_58@vnu.edu.vn','1635707193',NULL), ('145',NULL,'02-11-95',NULL,'ducpv_58@vnu.edu.vn','976260746',NULL), ('146',NULL,'10-03-95',NULL,'phuctd_95@vnu.edu.vn','1654578362',NULL), ('147',NULL,'19-05-95',NULL,'tunn_58@vnu.edu.vn','1632584893',NULL), ('148',NULL,'12-02-95',NULL,'phuongln_58@vnu.edu.vn','1675088103',NULL), ('149',NULL,'05-06-93',NULL,'khanhbv_57@vnu.edu.vn','1698739986',NULL), ('150',NULL,'08-14-95',NULL,'vuongvm_58@vnu.edu.vn','969174773',NULL), ('151',NULL,'09-21-95',NULL,'anvb_58@vnu.edu.vn',NULL,NULL), ('152',NULL,'09-08-95',NULL,'sondt_58@vnu.edu.vn','1668457995',NULL), ('153',NULL,'10-23-95',NULL,'thinhnd_580@vnu.edu.vn','1656220922',NULL), ('154',NULL,'08-18-94',NULL,'hungdx_58@vnu.edu.vn','984937291',NULL), ('155',NULL,'17-07-95',NULL,'quannk_58@vnu.edu.vn','976544494',NULL), ('156',NULL,'04-28-95',NULL,'duytv_58@vnu.edu.vn','1664638937',NULL), ('157',NULL,'29-01-95',NULL,'vuongnvh_58@vnu.edu.vn','NULL',NULL), ('158',NULL,'11-15-95',NULL,'canhnd_58@vnu.edu.vn','1675250455',NULL), ('159',NULL,'09-20-95',NULL,'khanhpk_58@vnu.edu.vn','972946207',NULL), ('160',NULL,'08-18-95',NULL,'lynt_58@vnu.edu.vn','981320797',NULL), ('161',NULL,'12-15-95',NULL,'minhld_58@vnu.edu.vn','966521295',NULL), ('162',NULL,'10-20-95',NULL,'thiendv_58@vnu.edu.vn','1673404895',NULL), ('163',NULL,'06-25-95',NULL,'truonglx_58@vnu.edu.vn','1689129532',NULL), ('164',NULL,'12-25-95',NULL,'vandd_58@vnu.edu.vn','1654413391',NULL), ('165',NULL,'06-12-95',NULL,'tuanpv_58@vnu.edu.vn','984266846',NULL), ('166',NULL,'10-21-95',NULL,'binhdt_58@vnu.edu.vn','1693082419',NULL), ('167',NULL,'10-04-93',NULL,'hungpt_58@vnu.edu.vn','1689471928',NULL), ('168',NULL,'20-05-95',NULL,'linhdt_580@vnu.edu.vn','989816074',NULL), ('169',NULL,'16-12-95',NULL,'namnt_58@vnu.edu.vn','1695983605',NULL), ('170',NULL,'02-09-95',NULL,'nhahv_58@vnu.edu.vn','1658978828',NULL), ('171',NULL,'04-08-95',NULL,'giangh_58@vnu.edu.vn','989344513',NULL), ('172',NULL,'04-03-95',NULL,'tupm_58@vnu.edu.vn','1262646530',NULL), ('173',NULL,'08-30-95',NULL,'khanhnd_58@vnu.edu.vn','961234599',NULL), ('174',NULL,'11-19-94',NULL,'phucnn_57@vnu.edu.vn','976765494',NULL), ('175',NULL,'09-21-95',NULL,'anhdt_58@vnu.edu.vn','917897776',NULL), ('176',NULL,'08-04-95',NULL,'dungnd_58@vnu.edu.vn','1688849013',NULL), ('177',NULL,'07-24-95',NULL,'haibd_58@vnu.edu.vn','1652759633',NULL), ('178',NULL,'08-18-95',NULL,'hungnh_58@vnu.edu.vn','987191263',NULL), ('179',NULL,'09-02-95',NULL,'khanhbq_58@vnu.edu.vn','965260317',NULL), ('180',NULL,'05-24-95',NULL,'kienvt_58@vnu.edu.vn','1648066388',NULL), ('181',NULL,'01-05-95',NULL,'nhungntt_58@vnu.edu.vn','1652048256',NULL), ('182',NULL,'09-20-95',NULL,NULL,'972414275',NULL), ('183',NULL,'12-18-95',NULL,'sonnn_58@vnu.edu.vn','973885444',NULL), ('184',NULL,'01-10-95',NULL,'tanvn_58@vnu.edu.vn','966185987',NULL), ('185',NULL,'01-08-95',NULL,'thedm_58@vnu.edu.vn','1632400740',NULL), ('186',NULL,'08-03-95',NULL,'thuongdtt_58@vnu.edu.vn','1662241160',NULL), ('187',NULL,'03-29-95',NULL,'vinhkt_58@vnu.edu.vn','982544502',NULL), ('188',NULL,'08-05-95',NULL,'dieptk_58@vnu.edu.vn','1636514240',NULL), ('189',NULL,'12-26-94',NULL,'hoangnd_58@vnu.edu.vn','1689870536',NULL), ('190',NULL,'08-06-95',NULL,'dungntm_58@vnu.edu.vn','902291753',NULL), ('191',NULL,'10-24-95',NULL,'ducvn_58@vnu.edu.vn','1664603682',NULL), ('192',NULL,'10-17-95',NULL,'hungtd_58@vnu.edu.vn','1674661683',NULL), ('193',NULL,'10-01-95',NULL,'linhlq_58@vnu.edu.vn','975916175',NULL), ('194',NULL,'11-02-95',NULL,'quangnn_58@vnu.edu.vn','1665601893',NULL), ('195',NULL,'05-19-95',NULL,'quangtn_58@vnu.edu.vn','972573421',NULL), ('196',NULL,'09-03-94',NULL,'quannv_58@vnu.edu.vn','1663613259',NULL), ('197',NULL,'20-02-95',NULL,'taitt_58@vnu.edu.vn','979877827',NULL), ('198',NULL,'05-16-95',NULL,'cuongnd_58@vnu.edu.vn','1676256613',NULL), ('199',NULL,'11-07-95',NULL,'dungnv_58@vnu.edu.vn','961355911',NULL), ('200',NULL,'06-02-95',NULL,'hieund_58@vnu.edu.vn','1683560092',NULL);
INSERT INTO `student_info` VALUES ('201',NULL,'#N/A',NULL,'hoannt_58@vnu.edu.vn','1678411450',NULL), ('202',NULL,'05-29-95',NULL,'hoangbd_58@vnu.edu.vn','918280595',NULL), ('203',NULL,'12-15-95',NULL,'huynd_58@vnu.edu.vn','964006391',NULL), ('204',NULL,'11-07-95',NULL,'nhannt_58@vnu.edu.vn','914594669',NULL), ('205',NULL,'08-19-95',NULL,'luantv_58@vnu.edu.vn','903284629',NULL), ('206',NULL,'01-18-94',NULL,'luongnd_580@vnu.edu.vn','963016731',NULL), ('207',NULL,'02-23-95',NULL,'anhnd_58@vnu.edu.vn','1655756848',NULL), ('208',NULL,'11-01-95',NULL,'anhp_58@vnu.edu.vn','1654393959',NULL), ('209',NULL,'02-03-95',NULL,'cuongnm_58@vnu.edu.vn','989069254',NULL), ('210',NULL,'06-17-95',NULL,'luupd_58@vnu.edu.vn','978466826',NULL), ('211',NULL,'11-15-95',NULL,'quantb_58@vnu.edu.vn','1678776463',NULL), ('212',NULL,'08-09-95',NULL,'linhpt_58@vnu.edu.vn','0974 519 52',NULL), ('213',NULL,'01-05-95',NULL,'phongbm_58@vnu.edu.vn','989192072',NULL), ('214',NULL,'03-08-92',NULL,'tinhpv_58@vnu.edu.vn','1652145362',NULL), ('215',NULL,'01-04-95',NULL,'vuongtc_58@vnu.edu.vn','982027691',NULL), ('216',NULL,'04-02-95',NULL,'longnh_58@vnu.edu.vn','983399637',NULL), ('217',NULL,'05-15-95',NULL,'hoangbv_58@vnu.edu.vn','1666980337',NULL), ('218',NULL,'10-17-95',NULL,'thuongdv_58@vnu.edu.vn','965940059',NULL), ('219',NULL,'08-11-95',NULL,'trieudh_58@vnu.edu.vn','1667744366',NULL), ('220',NULL,'09-16-95',NULL,'soncm_58@vnu.edu.vn','913134686',NULL), ('221',NULL,'08-16-95',NULL,'thangld_58@vnu.edu.vn','904583225',NULL), ('222',NULL,'09-02-94',NULL,'thutt_57@vnu.edu.vn','0167 875 2071',NULL), ('223',NULL,'03-28-94',NULL,'sonnt_57@vnu.edu.vn','1649657341',NULL), ('224',NULL,'12-14-95',NULL,'hoangdl_58@vnu.edu.vn','966462322',NULL), ('225',NULL,'04-25-95',NULL,'longvt_58@vnu.edu.vn','982406975',NULL), ('226',NULL,'06-17-95',NULL,'trongdd_58@vnu.edu.vn','1687294998',NULL), ('227',NULL,'11-07-95',NULL,'vanntc_58@vnu.edu.vn','1655448178',NULL), ('228',NULL,'09-15-94',NULL,'datht_58@vnu.edu.vn','1688888393',NULL), ('229',NULL,'22-09-93',NULL,'hungdt_57@vnu.edu.vn','1686283836',NULL), ('230',NULL,'12-01-94',NULL,'giapnt_57@vnu.edu.vn','983370249',NULL), ('231',NULL,'27-03-93',NULL,'truongnh_57@vnu.edu.vn','1655795717',NULL), ('232',NULL,'09-19-95',NULL,'chinhpv_58@vnu.edu.vn','966192810',NULL), ('233',NULL,'06-16-95',NULL,'hatt_58@vnu.edu.vn','1663641196',NULL), ('234',NULL,'03-03-95',NULL,'lamcm_58@vnu.edu.vn','966623949',NULL), ('235',NULL,'03-18-88',NULL,'tienpq_58@vnu.edu.vn','906633186',NULL), ('236',NULL,'30-09-92',NULL,'linhtn_55@vnu.edu.vn','1635158106',NULL), ('237',NULL,'15-08-94',NULL,'hiencv_57@vnu.edu.vn','966629835',NULL), ('238',NULL,'08-15-94',NULL,'thachnh_58@vnu.edu.vn','962058336',NULL), ('239',NULL,'07-22-94',NULL,'thangnh_58@vnu.edu.vn','968485194',NULL), ('240',NULL,'02-22-95',NULL,'vanhd_58@vnu.edu.vn','1692072708',NULL), ('241',NULL,'10-25-93',NULL,'duyhm_58@vnu.edu.vn','977171430',NULL), ('242',NULL,'08-24-95',NULL,'cuongvm_58@vnu.edu.vn','968462867',NULL), ('243',NULL,'09-03-95',NULL,'gianglt_58@vnu.edu.vn','1666977639',NULL), ('244',NULL,'08-28-95',NULL,'haulc_58@vnu.edu.vn','84963359626',NULL), ('245',NULL,'02-27-95',NULL,'sonla_58@vnu.edu.vn','1298421969',NULL), ('246',NULL,'03-25-95',NULL,'sonnh_58@vnu.edu.vn','1698031899',NULL), ('247',NULL,'03-19-95',NULL,'donglq_58@vnu.edu.vn','1659643835',NULL), ('248',NULL,'07-04-95',NULL,'namlh_58@vnu.edu.vn','1683978805',NULL), ('249',NULL,'11-06-96',NULL,NULL,'1233986222',NULL), ('250',NULL,'20-05-95',NULL,'thangpv_58@vnu.edu.vn','963760176',NULL), ('251',NULL,'15-06-93',NULL,'hoantv_560@vnu.edu.vn','1649530463',NULL), ('252',NULL,'02-02-95',NULL,'hoptd_58@vnu.edu.vn','0169 968 9320',NULL), ('253',NULL,'02-05-95',NULL,'huyennt_58@vnu.edu.vn','973370653',NULL), ('254',NULL,'27-09-94',NULL,'thunt_58@vnu.edu.vn','966759625',NULL), ('255',NULL,'20-07-95',NULL,'hienctt_58@vnu.edu.vn','1647196261',NULL), ('256',NULL,'04-05-95',NULL,'anhld_58@vnu.edu.vn','1689633072',NULL), ('257',NULL,'12-14-95',NULL,'tamht_58@vnu.edu.vn','1635961614',NULL), ('258',NULL,'08-05-95',NULL,'thaoth_58@vnu.edu.vn','973565187',NULL), ('259',NULL,'08-05-95',NULL,'tunh_58@vnu.edu.vn','1647471456',NULL), ('260',NULL,'09-18-95',NULL,'tungvt_58@vnu.edu.vn','963831775',NULL), ('261',NULL,'10-15-95',NULL,'anhth_58@vnu.edu.vn','972786721',NULL), ('262',NULL,'11-06-95',NULL,'thomlt_58@vnu.edu.vn','1689635489',NULL), ('263',NULL,'09-05-92',NULL,'vuongnv_56@vnu.edu.vn','987962237',NULL), ('264',NULL,'15-11-94',NULL,'nannh_570@vnu.edu.vn','0167 410 6580',NULL), ('265',NULL,'04-17-93',NULL,'hieutt_560@vnu.edu.vn','1694365100',NULL), ('266',NULL,'03-28-95',NULL,'bacnv_58@vnu.edu.vn','1657815402',NULL), ('267',NULL,'27-10-95',NULL,'hoangtx_58@vnu.edu.vn','978662863',NULL), ('268',NULL,'08-20-95',NULL,'hungnm_580@vnu.edu.vn','1689399949',NULL), ('269',NULL,'05-14-95',NULL,'hungct_58@vnu.edu.vn','1626917817',NULL), ('270',NULL,'11-07-94',NULL,'ducnd_58@vnu.edu.vn','963009847',NULL), ('271',NULL,'11-03-95',NULL,'hungdv_58@vnu.edu.vn','1663635567',NULL), ('272',NULL,'11-12-95',NULL,'hungnk_58@vnu.edu.vn','1668705337',NULL), ('273',NULL,'05-02-95',NULL,'cuongpm_58@vnu.edu.vn','01694 99 0606',NULL), ('274',NULL,'09-11-95',NULL,'duongnv_58@vnu.edu.vn','1658844357',NULL), ('275',NULL,'07-20-95',NULL,'daopt_58@vnu.edu.vn','967648290',NULL), ('276',NULL,'09-11-95',NULL,'giangnt_58@vnu.edu.vn','968128976',NULL), ('277',NULL,'08-06-95',NULL,'hauvv_58@vnu.edu.vn','966670870',NULL), ('278',NULL,'########',NULL,'hopcv_58@vnu.edu.vn','1689719045',NULL), ('279',NULL,'05-22-95',NULL,'tungnt_580@vnu.edu.vn','1646571034',NULL), ('280',NULL,'28-12-94',NULL,'ducpm_57@vnu.edu.vn','1643730212',NULL), ('281',NULL,'########',NULL,'viethh_56@vnu.edu.vn','962184224',NULL), ('282',NULL,'10-31-95',NULL,'datch_58@vnu.edu.vn','1638780916',NULL), ('283',NULL,'########',NULL,'hieunt_58@vnu.edu.vn','986140014',NULL), ('284',NULL,'15-02-95',NULL,'yennt_58@vnu.edu.vn','1674121061',NULL), ('285',NULL,'09/23/95',NULL,'hieunv_58@vnu.edu.vn','975175650',NULL), ('286',NULL,'01-28-95',NULL,'hungdn_58@vnu.edu.vn','1686273704',NULL), ('287',NULL,'01-12-95',NULL,'khoanv_58@vnu.edu.vn','1686715123',NULL), ('288',NULL,'28-11-95',NULL,'thunt_580@vnu.edu.vn','966413893',NULL), ('289',NULL,'########',NULL,'cuongtq_58@vnu.edu.vn','1667779226',NULL), ('290',NULL,'########',NULL,'duckm_58@vnu.edu.vn','1657082586',NULL), ('291',NULL,'10-31-95',NULL,'phuongnt_58@vnu.edu.vn','966367201',NULL), ('292',NULL,'06-04-95',NULL,'tuanpa_58@vnu.edu.vn','946516781',NULL), ('293',NULL,'12-19-95',NULL,'khoipv_58@vnu.edu.vn','969138520',NULL), ('294',NULL,'10-02-94',NULL,'kienlv_58@vnu.edu.vn','1679526910',NULL);
INSERT INTO `user` VALUES ('1',NULL,'11020025','STUDENT',NULL,'11020025','1'), ('2',NULL,'11020068','STUDENT',NULL,'11020068','2'), ('3',NULL,'12020038','STUDENT',NULL,'12020038','3'), ('4',NULL,'12020351','STUDENT',NULL,'12020351','4'), ('5',NULL,'12020363','STUDENT',NULL,'12020363','5'), ('6',NULL,'13020094','STUDENT',NULL,'13020094','6'), ('7',NULL,'13020095','STUDENT',NULL,'13020095','7'), ('8',NULL,'13020484','STUDENT',NULL,'13020484','8'), ('9',NULL,'13020056','STUDENT',NULL,'13020056','9'), ('10',NULL,'13020073','STUDENT',NULL,'13020073','10'), ('11',NULL,'13020247','STUDENT',NULL,'13020247','11'), ('12',NULL,'13020470','STUDENT',NULL,'13020470','12'), ('13',NULL,'13020472','STUDENT',NULL,'13020472','13'), ('14',NULL,'13020481','STUDENT',NULL,'13020481','14'), ('15',NULL,'13020485','STUDENT',NULL,'13020485','15'), ('16',NULL,'13020486','STUDENT',NULL,'13020486','16'), ('17',NULL,'12020351','STUDENT',NULL,'12020351','17'), ('18',NULL,'13020012','STUDENT',NULL,'13020012','18'), ('19',NULL,'13020044','STUDENT',NULL,'13020044','19'), ('20',NULL,'13020048','STUDENT',NULL,'13020048','20'), ('21',NULL,'13020176','STUDENT',NULL,'13020176','21'), ('22',NULL,'13020655','STUDENT',NULL,'13020655','22'), ('23',NULL,'13020051','STUDENT',NULL,'13020051','23'), ('24',NULL,'13020392','STUDENT',NULL,'13020392','24'), ('25',NULL,'13020428','STUDENT',NULL,'13020428','25'), ('26',NULL,'13020499','STUDENT',NULL,'13020499','26'), ('27',NULL,'13020528','STUDENT',NULL,'13020528','27'), ('28',NULL,'13020619','STUDENT',NULL,'13020619','28'), ('29',NULL,'13020629','STUDENT',NULL,'13020629','29'), ('30',NULL,'#########','STUDENT',NULL,'#########','30'), ('31',NULL,'13020451','STUDENT',NULL,'13020451','31'), ('32',NULL,'13020500','STUDENT',NULL,'13020500','32'), ('33',NULL,'13020593','STUDENT',NULL,'13020593','33'), ('34',NULL,'13020637','STUDENT',NULL,'13020637','34'), ('35',NULL,'13020706','STUDENT',NULL,'13020706','35'), ('36',NULL,'13020204','STUDENT',NULL,'13020204','36'), ('37',NULL,'13020195','STUDENT',NULL,'13020195','37'), ('38',NULL,'13020396','STUDENT',NULL,'13020396','38'), ('39',NULL,'13020444','STUDENT',NULL,'13020444','39'), ('40',NULL,'13020452','STUDENT',NULL,'13020452','40'), ('41',NULL,'13020463','STUDENT',NULL,'13020463','41'), ('42',NULL,'13020271','STUDENT',NULL,'13020271','42'), ('43',NULL,'#########','STUDENT',NULL,'#########','43'), ('44',NULL,'13020613','STUDENT',NULL,'13020613','44'), ('45',NULL,'13020627','STUDENT',NULL,'13020627','45'), ('46',NULL,'13020232','STUDENT',NULL,'13020232','46'), ('47',NULL,'13020264','STUDENT',NULL,'13020264','47'), ('48',NULL,'13020014','STUDENT',NULL,'13020014','48'), ('49',NULL,'13020037','STUDENT',NULL,'13020037','49'), ('50',NULL,'13020109','STUDENT',NULL,'13020109','50'), ('51',NULL,'13020224','STUDENT',NULL,'13020224','51'), ('52',NULL,'13020378','STUDENT',NULL,'13020378','52'), ('53',NULL,'13020382','STUDENT',NULL,'13020382','53'), ('54',NULL,'13020734','STUDENT',NULL,'13020734','54'), ('55',NULL,'13020034','STUDENT',NULL,'13020034','55'), ('56',NULL,'13020047','STUDENT',NULL,'13020047','56'), ('57',NULL,'13020186','STUDENT',NULL,'13020186','57'), ('58',NULL,'13020203','STUDENT',NULL,'13020203','58'), ('59',NULL,'13020263','STUDENT',NULL,'13020263','59'), ('60',NULL,'13020578','STUDENT',NULL,'13020578','60'), ('61',NULL,'13020714','STUDENT',NULL,'13020714','61'), ('62',NULL,'13020718','STUDENT',NULL,'13020718','62'), ('63',NULL,'13020002','STUDENT',NULL,'13020002','63'), ('64',NULL,'13020295','STUDENT',NULL,'13020295','64'), ('65',NULL,'13020735','STUDENT',NULL,'13020735','65'), ('66',NULL,'13020740','STUDENT',NULL,'13020740','66'), ('67',NULL,'13020743','STUDENT',NULL,'13020743','67'), ('68',NULL,'13020751','STUDENT',NULL,'13020751','68'), ('69',NULL,'13020757','STUDENT',NULL,'13020757','69'), ('70',NULL,'13020063','STUDENT',NULL,'13020063','70'), ('71',NULL,'13020365','STUDENT',NULL,'13020365','71'), ('72',NULL,'13020465','STUDENT',NULL,'13020465','72'), ('73',NULL,'13020515','STUDENT',NULL,'13020515','73'), ('74',NULL,'13020590','STUDENT',NULL,'13020590','74'), ('75',NULL,'13020618','STUDENT',NULL,'13020618','75'), ('76',NULL,'13020628','STUDENT',NULL,'13020628','76'), ('77',NULL,'13020645','STUDENT',NULL,'13020645','77'), ('78',NULL,'13020737','STUDENT',NULL,'13020737','78'), ('79',NULL,'13020765','STUDENT',NULL,'13020765','79'), ('80',NULL,'13020561','STUDENT',NULL,'13020561','80'), ('81',NULL,'13020432','STUDENT',NULL,'13020432','81'), ('82',NULL,'13020630','STUDENT',NULL,'13020630','82'), ('83',NULL,'13020546','STUDENT',NULL,'13020546','83'), ('84',NULL,'13020749','STUDENT',NULL,'13020749','84'), ('85',NULL,'11020439','STUDENT',NULL,'11020439','85'), ('86',NULL,'13020153','STUDENT',NULL,'13020153','86'), ('87',NULL,'13020440','STUDENT',NULL,'13020440','87'), ('88',NULL,'13020550','STUDENT',NULL,'13020550','88'), ('89',NULL,'11020045','STUDENT',NULL,'11020045','89'), ('90',NULL,'11020093','STUDENT',NULL,'11020093','90'), ('91',NULL,'12020205','STUDENT',NULL,'12020205','91'), ('92',NULL,'13020006','STUDENT',NULL,'13020006','92'), ('93',NULL,'13020100','STUDENT',NULL,'13020100','93'), ('94',NULL,'13020157','STUDENT',NULL,'13020157','94'), ('95',NULL,'13020340','STUDENT',NULL,'13020340','95'), ('96',NULL,'13020450','STUDENT',NULL,'13020450','96'), ('97',NULL,'13020453','STUDENT',NULL,'13020453','97'), ('98',NULL,'13020567','STUDENT',NULL,'13020567','98'), ('99',NULL,'13020133','STUDENT',NULL,'13020133','99'), ('100',NULL,'13020149','STUDENT',NULL,'13020149','100');
INSERT INTO `user` VALUES ('101',NULL,'13020321','STUDENT',NULL,'13020321','101'), ('102',NULL,'13020393','STUDENT',NULL,'13020393','102'), ('103',NULL,'13020437','STUDENT',NULL,'13020437','103'), ('104',NULL,'13020461','STUDENT',NULL,'13020461','104'), ('105',NULL,'13020374','STUDENT',NULL,'13020374','105'), ('106',NULL,'13020442','STUDENT',NULL,'13020442','106'), ('107',NULL,'13020448','STUDENT',NULL,'13020448','107'), ('108',NULL,'13020462','STUDENT',NULL,'13020462','108'), ('109',NULL,'13020530','STUDENT',NULL,'13020530','109'), ('110',NULL,'13020596','STUDENT',NULL,'13020596','110'), ('111',NULL,'13020285','STUDENT',NULL,'13020285','111'), ('112',NULL,'13020303','STUDENT',NULL,'13020303','112'), ('113',NULL,'13020355','STUDENT',NULL,'13020355','113'), ('114',NULL,'13020385','STUDENT',NULL,'13020385','114'), ('115',NULL,'13020434','STUDENT',NULL,'13020434','115'), ('116',NULL,'13020514','STUDENT',NULL,'13020514','116'), ('117',NULL,'12020431','STUDENT',NULL,'12020431','117'), ('118',NULL,'13020072','STUDENT',NULL,'13020072','118'), ('119',NULL,'13020086','STUDENT',NULL,'13020086','119'), ('120',NULL,'13020113','STUDENT',NULL,'13020113','120'), ('121',NULL,'13020323','STUDENT',NULL,'13020323','121'), ('122',NULL,'13020587','STUDENT',NULL,'13020587','122'), ('123',NULL,'13020291','STUDENT',NULL,'13020291','123'), ('124',NULL,'13020337','STUDENT',NULL,'13020337','124'), ('125',NULL,'13020350','STUDENT',NULL,'13020350','125'), ('126',NULL,'13020417','STUDENT',NULL,'13020417','126'), ('127',NULL,'13020541','STUDENT',NULL,'13020541','127'), ('128',NULL,'13020428','STUDENT',NULL,'13020428','128'), ('129',NULL,'11020129','STUDENT',NULL,'11020129','129'), ('130',NULL,'13020001','STUDENT',NULL,'13020001','130'), ('131',NULL,'13020259','STUDENT',NULL,'13020259','131'), ('132',NULL,'13020280','STUDENT',NULL,'13020280','132'), ('133',NULL,'12020638','STUDENT',NULL,'12020638','133'), ('134',NULL,'13020174','STUDENT',NULL,'13020174','134'), ('135',NULL,'13020029','STUDENT',NULL,'13020029','135'), ('136',NULL,'13020449','STUDENT',NULL,'13020449','136'), ('137',NULL,'13020555','STUDENT',NULL,'13020555','137'), ('138',NULL,'13020568','STUDENT',NULL,'13020568','138'), ('139',NULL,'13020576','STUDENT',NULL,'13020576','139'), ('140',NULL,'13020053','STUDENT',NULL,'13020053','140'), ('141',NULL,'13020200','STUDENT',NULL,'13020200','141'), ('142',NULL,'13020595','STUDENT',NULL,'13020595','142'), ('143',NULL,'13020600','STUDENT',NULL,'13020600','143'), ('144',NULL,'13020632','STUDENT',NULL,'13020632','144'), ('145',NULL,'13020726','STUDENT',NULL,'13020726','145'), ('146',NULL,'13020758','STUDENT',NULL,'13020758','146'), ('147',NULL,'13020647','STUDENT',NULL,'13020647','147'), ('148',NULL,'13020636','STUDENT',NULL,'13020636','148'), ('149',NULL,'12020639','STUDENT',NULL,'12020639','149'), ('150',NULL,'13020517','STUDENT',NULL,'13020517','150'), ('151',NULL,'13020729','STUDENT',NULL,'13020729','151'), ('152',NULL,'13020601','STUDENT',NULL,'13020601','152'), ('153',NULL,'13020606','STUDENT',NULL,'13020606','153'), ('154',NULL,'13020704','STUDENT',NULL,'13020704','154'), ('155',NULL,'13020556','STUDENT',NULL,'13020556','155'), ('156',NULL,'13020583','STUDENT',NULL,'13020583','156'), ('157',NULL,'13020763','STUDENT',NULL,'13020763','157'), ('158',NULL,'13020612','STUDENT',NULL,'13020612','158'), ('159',NULL,'13020228','STUDENT',NULL,'13020228','159'), ('160',NULL,'13020275','STUDENT',NULL,'13020275','160'), ('161',NULL,'13020282','STUDENT',NULL,'13020282','161'), ('162',NULL,'13020410','STUDENT',NULL,'13020410','162'), ('163',NULL,'13020468','STUDENT',NULL,'13020468','163'), ('164',NULL,'13020501','STUDENT',NULL,'13020501','164'), ('165',NULL,'1302478','STUDENT',NULL,'1302478','165'), ('166',NULL,'13020026','STUDENT',NULL,'13020026','166'), ('167',NULL,'13020206','STUDENT',NULL,'13020206','167'), ('168',NULL,'13020244','STUDENT',NULL,'13020244','168'), ('169',NULL,'13020293','STUDENT',NULL,'13020293','169'), ('170',NULL,'13020311','STUDENT',NULL,'13020311','170'), ('171',NULL,'13020537','STUDENT',NULL,'13020537','171'), ('172',NULL,'13020648','STUDENT',NULL,'13020648','172'), ('173',NULL,'13020750','STUDENT',NULL,'13020750','173'), ('174',NULL,'12020294','STUDENT',NULL,'12020294','174'), ('175',NULL,'13020003','STUDENT',NULL,'13020003','175'), ('176',NULL,'13020081','STUDENT',NULL,'13020081','176'), ('177',NULL,'13020136','STUDENT',NULL,'13020136','177'), ('178',NULL,'13020202','STUDENT',NULL,'13020202','178'), ('179',NULL,'13020223','STUDENT',NULL,'13020223','179'), ('180',NULL,'13020234','STUDENT',NULL,'13020234','180'), ('181',NULL,'13020314','STUDENT',NULL,'13020314','181'), ('182',NULL,'13020317','STUDENT',NULL,'13020317','182'), ('183',NULL,'13020363','STUDENT',NULL,'13020363','183'), ('184',NULL,'13020372','STUDENT',NULL,'13020372','184'), ('185',NULL,'13020406','STUDENT',NULL,'13020406','185'), ('186',NULL,'13020430','STUDENT',NULL,'13020430','186'), ('187',NULL,'13020511','STUDENT',NULL,'13020511','187'), ('188',NULL,'13020529','STUDENT',NULL,'13020529','188'), ('189',NULL,'13020713','STUDENT',NULL,'13020713','189'), ('190',NULL,'13020083','STUDENT',NULL,'13020083','190'), ('191',NULL,'13020124','STUDENT',NULL,'13020124','191'), ('192',NULL,'13020215','STUDENT',NULL,'13020215','192'), ('193',NULL,'13020245','STUDENT',NULL,'13020245','193'), ('194',NULL,'13020339','STUDENT',NULL,'13020339','194'), ('195',NULL,'13020342','STUDENT',NULL,'13020342','195'), ('196',NULL,'13020347','STUDENT',NULL,'13020347','196'), ('197',NULL,'13020560','STUDENT',NULL,'13020560','197'), ('198',NULL,'13020054','STUDENT',NULL,'13020054','198'), ('199',NULL,'13020084','STUDENT',NULL,'13020084','199'), ('200',NULL,'13020155','STUDENT',NULL,'13020155','200');
INSERT INTO `user` VALUES ('201',NULL,'13020169','STUDENT',NULL,'13020169','201'), ('202',NULL,'13020171','STUDENT',NULL,'13020171','202'), ('203',NULL,'13020191','STUDENT',NULL,'13020191','203'), ('204',NULL,'13020634','STUDENT',NULL,'13020634','204'), ('205',NULL,'13020265','STUDENT',NULL,'13020265','205'), ('206',NULL,'13020270','STUDENT',NULL,'13020270','206'), ('207',NULL,'13020008','STUDENT',NULL,'13020008','207'), ('208',NULL,'13020015','STUDENT',NULL,'13020015','208'), ('209',NULL,'13020055','STUDENT',NULL,'13020055','209'), ('210',NULL,'13020272','STUDENT',NULL,'13020272','210'), ('211',NULL,'13020346','STUDENT',NULL,'13020346','211'), ('212',NULL,'13020251','STUDENT',NULL,'13020251','212'), ('213',NULL,'13020324','STUDENT',NULL,'13020324','213'), ('214',NULL,'13020443','STUDENT',NULL,'13020443','214'), ('215',NULL,'13020518','STUDENT',NULL,'13020518','215'), ('216',NULL,'13020549','STUDENT',NULL,'13020549','216'), ('217',NULL,'13020172','STUDENT',NULL,'13020172','217'), ('218',NULL,'13020607','STUDENT',NULL,'13020607','218'), ('219',NULL,'13020642','STUDENT',NULL,'13020642','219'), ('220',NULL,'13020650','STUDENT',NULL,'13020650','220'), ('221',NULL,'13020756','STUDENT',NULL,'13020756','221'), ('222',NULL,'12020474','STUDENT',NULL,'12020474','222'), ('223',NULL,'12020331','STUDENT',NULL,'12020331','223'), ('224',NULL,'13020173','STUDENT',NULL,'13020173','224'), ('225',NULL,'13020261','STUDENT',NULL,'13020261','225'), ('226',NULL,'13020455','STUDENT',NULL,'13020455','226'), ('227',NULL,'13020504','STUDENT',NULL,'13020504','227'), ('228',NULL,'13020716','STUDENT',NULL,'13020716','228'), ('229',NULL,'12020501','STUDENT',NULL,'12020501','229'), ('230',NULL,'12020109','STUDENT',NULL,'12020109','230'), ('231',NULL,'12020400','STUDENT',NULL,'12020400','231'), ('232',NULL,'13020038','STUDENT',NULL,'13020038','232'), ('233',NULL,'13020134','STUDENT',NULL,'13020134','233'), ('234',NULL,'13020239','STUDENT',NULL,'13020239','234'), ('235',NULL,'13020439','STUDENT',NULL,'13020439','235'), ('236',NULL,'10020516','STUDENT',NULL,'10020516','236'), ('237',NULL,'12020143','STUDENT',NULL,'12020143','237'), ('238',NULL,'13020397','STUDENT',NULL,'13020397','238'), ('239',NULL,'13020403','STUDENT',NULL,'13020403','239'), ('240',NULL,'13020502','STUDENT',NULL,'13020502','240'), ('241',NULL,'13020708','STUDENT',NULL,'13020708','241'), ('242',NULL,'13020060','STUDENT',NULL,'13020060','242'), ('243',NULL,'13020730','STUDENT',NULL,'13020730','243'), ('244',NULL,'13020146','STUDENT',NULL,'13020146','244'), ('245',NULL,'13020359','STUDENT',NULL,'13020359','245'), ('246',NULL,'13020638','STUDENT',NULL,'13020638','246'), ('247',NULL,'13020733','STUDENT',NULL,'13020733','247'), ('248',NULL,'13020748','STUDENT',NULL,'13020748','248'), ('249',NULL,'14020790','STUDENT',NULL,'14020790','249'), ('250',NULL,'13020405','STUDENT',NULL,'13020405','250'), ('251',NULL,'11020127','STUDENT',NULL,'11020127','251'), ('252',NULL,'13020184','STUDENT',NULL,'13020184','252'), ('253',NULL,'13020196','STUDENT',NULL,'13020196','253'), ('254',NULL,'13020423','STUDENT',NULL,'13020423','254'), ('255',NULL,'13020543','STUDENT',NULL,'13020543','255'), ('256',NULL,'13020579','STUDENT',NULL,'13020579','256'), ('257',NULL,'13020603','STUDENT',NULL,'13020603','257'), ('258',NULL,'13020651','STUDENT',NULL,'13020651','258'), ('259',NULL,'13020653','STUDENT',NULL,'13020653','259'), ('260',NULL,'13020496','STUDENT',NULL,'13020496','260'), ('261',NULL,'13020522','STUDENT',NULL,'13020522','261'), ('262',NULL,'13020421','STUDENT',NULL,'13020421','262'), ('263',NULL,'11020407','STUDENT',NULL,'11020407','263'), ('264',NULL,'12020257','STUDENT',NULL,'12020257','264'), ('265',NULL,'11020118','STUDENT',NULL,'11020118','265'), ('266',NULL,'13020024','STUDENT',NULL,'13020024','266'), ('267',NULL,'13020177','STUDENT',NULL,'13020177','267'), ('268',NULL,'13020204','STUDENT',NULL,'13020204','268'), ('269',NULL,'13020208','STUDENT',NULL,'13020208','269'), ('270',NULL,'13020208','STUDENT',NULL,'13020208','270'), ('271',NULL,'13020209','STUDENT',NULL,'13020209','271'), ('272',NULL,'13020211','STUDENT',NULL,'13020211','272'), ('273',NULL,'13020057','STUDENT',NULL,'13020057','273'), ('274',NULL,'13020091','STUDENT',NULL,'13020091','274'), ('275',NULL,'13020092','STUDENT',NULL,'13020092','275'), ('276',NULL,'13020125','STUDENT',NULL,'13020125','276'), ('277',NULL,'13020148','STUDENT',NULL,'13020148','277'), ('278',NULL,'13020183','STUDENT',NULL,'13020183','278'), ('279',NULL,'13020767','STUDENT',NULL,'13020767','279'), ('280',NULL,'12020105','STUDENT',NULL,'12020105','280'), ('281',NULL,'11020391','STUDENT',NULL,'11020391','281'), ('282',NULL,'13020099','STUDENT',NULL,'13020099','282'), ('283',NULL,'13020159','STUDENT',NULL,'13020159','283'), ('284',NULL,'13020159','STUDENT',NULL,'13020159','284'), ('285',NULL,'13020160','STUDENT',NULL,'13020160','285'), ('286',NULL,'13020198','STUDENT',NULL,'13020198','286'), ('287',NULL,'13020229','STUDENT',NULL,'13020229','287'), ('288',NULL,'13020424','STUDENT',NULL,'13020424','288'), ('289',NULL,'13020049','STUDENT',NULL,'13020049','289'), ('290',NULL,'13020121','STUDENT',NULL,'13020121','290'), ('291',NULL,'13020335','STUDENT',NULL,'13020335','291'), ('292',NULL,'13020477','STUDENT',NULL,'13020477','292'), ('293',NULL,'13020592','STUDENT',NULL,'13020592','293'), ('294',NULL,'13020703','STUDENT',NULL,'13020703','294');
